id;name;image;image_content_type
1;willingness;../fake-data/blob/hipster.png;image/png
2;pouch;../fake-data/blob/hipster.png;image/png
3;westernize miserable wherever;../fake-data/blob/hipster.png;image/png
4;pfft couple;../fake-data/blob/hipster.png;image/png
5;worth;../fake-data/blob/hipster.png;image/png
6;deify;../fake-data/blob/hipster.png;image/png
7;really youthful;../fake-data/blob/hipster.png;image/png
8;boastfully considering psst;../fake-data/blob/hipster.png;image/png
9;declutter forenenst absent;../fake-data/blob/hipster.png;image/png
10;jive unfold aha;../fake-data/blob/hipster.png;image/png
