id;image;image_content_type;caption;content;content_type;created_at;updated_at
1;../fake-data/blob/hipster.png;image/png;rue forenenst oh;../fake-data/blob/hipster.txt;knavishly innocently because;2024-08-02T19:23:27;2024-08-03T06:58:26
2;../fake-data/blob/hipster.png;image/png;probable who town;../fake-data/blob/hipster.txt;plenty amongst;2024-08-03T05:30:48;2024-08-03T03:41:04
3;../fake-data/blob/hipster.png;image/png;gosh against yum;../fake-data/blob/hipster.txt;dearly;2024-08-03T00:05:15;2024-08-03T12:13:15
4;../fake-data/blob/hipster.png;image/png;pore radiosonde;../fake-data/blob/hipster.txt;ouch superior and;2024-08-02T22:01:37;2024-08-03T14:32:49
5;../fake-data/blob/hipster.png;image/png;more exhilarate;../fake-data/blob/hipster.txt;anti particularise;2024-08-03T17:18:33;2024-08-03T19:06:00
6;../fake-data/blob/hipster.png;image/png;bah apud;../fake-data/blob/hipster.txt;frightfully;2024-08-03T16:13:17;2024-08-03T17:07:49
7;../fake-data/blob/hipster.png;image/png;woot;../fake-data/blob/hipster.txt;near attendant;2024-08-03T12:16:12;2024-08-03T07:11:27
8;../fake-data/blob/hipster.png;image/png;pare;../fake-data/blob/hipster.txt;yuck sandblast;2024-08-03T18:51:06;2024-08-03T07:17:12
9;../fake-data/blob/hipster.png;image/png;forenenst tinderbox weird;../fake-data/blob/hipster.txt;zealous;2024-08-02T23:35:45;2024-08-03T16:53:36
10;../fake-data/blob/hipster.png;image/png;where and;../fake-data/blob/hipster.txt;lover since the;2024-08-03T12:25:26;2024-08-02T22:30:28
