id;name;summary;image;image_content_type;status;view;remark;created_at;update_at;approved_at;modified_at
1;size;../fake-data/blob/hipster.txt;../fake-data/blob/hipster.png;image/png;CANCELLED;3089;../fake-data/blob/hipster.txt;2024-08-20T02:49:44;2024-08-20T03:26:21;2024-08-20T07:10:06;2024-08-20T13:19:42
2;after section;../fake-data/blob/hipster.txt;../fake-data/blob/hipster.png;image/png;CANCELLED;16935;../fake-data/blob/hipster.txt;2024-08-19T20:04:35;2024-08-19T23:13:38;2024-08-20T11:07:04;2024-08-20T12:17:11
3;aha honeymoon;../fake-data/blob/hipster.txt;../fake-data/blob/hipster.png;image/png;APPROVED;4807;../fake-data/blob/hipster.txt;2024-08-20T05:04:07;2024-08-20T05:40:56;2024-08-20T05:21:20;2024-08-20T13:12:37
4;mobilize;../fake-data/blob/hipster.txt;../fake-data/blob/hipster.png;image/png;CANCELLED;31647;../fake-data/blob/hipster.txt;2024-08-20T07:45:50;2024-08-20T08:46:03;2024-08-19T20:03:53;2024-08-20T04:05:51
5;pearl;../fake-data/blob/hipster.txt;../fake-data/blob/hipster.png;image/png;CANCELLED;6671;../fake-data/blob/hipster.txt;2024-08-20T04:06:43;2024-08-20T16:00:54;2024-08-20T07:50:55;2024-08-20T08:35:00
6;arrogantly;../fake-data/blob/hipster.txt;../fake-data/blob/hipster.png;image/png;APPROVED;18967;../fake-data/blob/hipster.txt;2024-08-20T09:18:03;2024-08-20T02:36:28;2024-08-19T20:10:59;2024-08-20T08:50:05
7;pish;../fake-data/blob/hipster.txt;../fake-data/blob/hipster.png;image/png;APPROVED;6523;../fake-data/blob/hipster.txt;2024-08-20T00:18:20;2024-08-19T20:59:38;2024-08-19T23:04:59;2024-08-20T07:46:31
8;dilate distorted punctually;../fake-data/blob/hipster.txt;../fake-data/blob/hipster.png;image/png;APPROVED;13587;../fake-data/blob/hipster.txt;2024-08-20T00:47:13;2024-08-20T08:27:33;2024-08-20T10:59:31;2024-08-19T19:38:30
9;address meanwhile;../fake-data/blob/hipster.txt;../fake-data/blob/hipster.png;image/png;PENDING;7726;../fake-data/blob/hipster.txt;2024-08-20T09:58:24;2024-08-19T20:58:33;2024-08-19T23:29:50;2024-08-20T10:59:57
10;soon vaguely;../fake-data/blob/hipster.txt;../fake-data/blob/hipster.png;image/png;PENDING;24357;../fake-data/blob/hipster.txt;2024-08-20T04:21:55;2024-08-20T00:41:36;2024-08-20T04:39:30;2024-08-20T15:14:39
